filename,/home/droski/Desktop/School/Fall25/Capstone/data/AGRICULTURE/23631188.pdf,/home/droski/Desktop/School/Fall25/Capstone/data/AGRICULTURE/16661264.pdf,/home/droski/Desktop/School/Fall25/Capstone/data/AGRICULTURE/30437583.pdf,/home/droski/Desktop/School/Fall25/Capstone/data/AGRICULTURE/20969119.pdf,/home/droski/Desktop/School/Fall25/Capstone/data/AGRICULTURE/29510501.pdf,/home/droski/Desktop/School/Fall25/Capstone/data/AGRICULTURE/28165687.pdf,/home/droski/Desktop/School/Fall25/Capstone/data/AGRICULTURE/69336473.pdf,/home/droski/Desktop/School/Fall25/Capstone/data/AGRICULTURE/16507693.pdf,/home/droski/Desktop/School/Fall25/Capstone/data/AGRICULTURE/15546686.pdf,/home/droski/Desktop/School/Fall25/Capstone/data/AGRICULTURE/16172429.pdf,/home/droski/Desktop/School/Fall25/Capstone/data/AGRICULTURE/37201447.pdf,/home/droski/Desktop/School/Fall25/Capstone/data/AGRICULTURE/28733974.pdf,/home/droski/Desktop/School/Fall25/Capstone/data/AGRICULTURE/14140903.pdf,/home/droski/Desktop/School/Fall25/Capstone/data/AGRICULTURE/18264694.pdf,/home/droski/Desktop/School/Fall25/Capstone/data/AGRICULTURE/54246169.pdf,/home/droski/Desktop/School/Fall25/Capstone/data/AGRICULTURE/27888251.pdf,/home/droski/Desktop/School/Fall25/Capstone/data/AGRICULTURE/55712978.pdf,/home/droski/Desktop/School/Fall25/Capstone/data/AGRICULTURE/17640785.pdf,/home/droski/Desktop/School/Fall25/Capstone/data/AGRICULTURE/16849128.pdf,/home/droski/Desktop/School/Fall25/Capstone/data/AGRICULTURE/24068423.pdf,/home/droski/Desktop/School/Fall25/Capstone/data/AGRICULTURE/89740812.pdf,/home/droski/Desktop/School/Fall25/Capstone/data/AGRICULTURE/20006992.pdf,/home/droski/Desktop/School/Fall25/Capstone/data/AGRICULTURE/27689009.pdf,/home/droski/Desktop/School/Fall25/Capstone/data/AGRICULTURE/69859102.pdf,/home/droski/Desktop/School/Fall25/Capstone/data/AGRICULTURE/11676151.pdf,/home/droski/Desktop/School/Fall25/Capstone/data/AGRICULTURE/29746235.pdf,/home/droski/Desktop/School/Fall25/Capstone/data/AGRICULTURE/81042872.pdf,/home/droski/Desktop/School/Fall25/Capstone/data/AGRICULTURE/11813872.pdf,/home/droski/Desktop/School/Fall25/Capstone/data/AGRICULTURE/21134923.pdf,/home/droski/Desktop/School/Fall25/Capstone/data/AGRICULTURE/19851252.pdf,/home/droski/Desktop/School/Fall25/Capstone/data/AGRICULTURE/79536879.pdf,/home/droski/Desktop/School/Fall25/Capstone/data/AGRICULTURE/17499196.pdf,/home/droski/Desktop/School/Fall25/Capstone/data/AGRICULTURE/18242317.pdf,/home/droski/Desktop/School/Fall25/Capstone/data/AGRICULTURE/24416961.pdf,/home/droski/Desktop/School/Fall25/Capstone/data/AGRICULTURE/29142288.pdf,/home/droski/Desktop/School/Fall25/Capstone/data/AGRICULTURE/12674256.pdf,/home/droski/Desktop/School/Fall25/Capstone/data/AGRICULTURE/34141299.pdf,/home/droski/Desktop/School/Fall25/Capstone/data/AGRICULTURE/24397882.pdf,/home/droski/Desktop/School/Fall25/Capstone/data/AGRICULTURE/84512719.pdf,/home/droski/Desktop/School/Fall25/Capstone/data/AGRICULTURE/29968330.pdf,/home/droski/Desktop/School/Fall25/Capstone/data/AGRICULTURE/40882926.pdf,/home/droski/Desktop/School/Fall25/Capstone/data/AGRICULTURE/19532392.pdf,/home/droski/Desktop/School/Fall25/Capstone/data/AGRICULTURE/11197262.pdf,/home/droski/Desktop/School/Fall25/Capstone/data/AGRICULTURE/26070334.pdf,/home/droski/Desktop/School/Fall25/Capstone/data/AGRICULTURE/10953078.pdf,/home/droski/Desktop/School/Fall25/Capstone/data/AGRICULTURE/12341902.pdf,/home/droski/Desktop/School/Fall25/Capstone/data/AGRICULTURE/15053703.pdf,/home/droski/Desktop/School/Fall25/Capstone/data/AGRICULTURE/37292350.pdf,/home/droski/Desktop/School/Fall25/Capstone/data/AGRICULTURE/69360287.pdf,/home/droski/Desktop/School/Fall25/Capstone/data/AGRICULTURE/38216888.pdf,/home/droski/Desktop/School/Fall25/Capstone/data/AGRICULTURE/17312146.pdf,/home/droski/Desktop/School/Fall25/Capstone/data/AGRICULTURE/26921245.pdf,/home/droski/Desktop/School/Fall25/Capstone/data/AGRICULTURE/55500538.pdf,/home/droski/Desktop/School/Fall25/Capstone/data/AGRICULTURE/26835781.pdf,/home/droski/Desktop/School/Fall25/Capstone/data/AGRICULTURE/36102323.pdf,/home/droski/Desktop/School/Fall25/Capstone/data/AGRICULTURE/29897742.pdf,/home/droski/Desktop/School/Fall25/Capstone/data/AGRICULTURE/28247753.pdf,/home/droski/Desktop/School/Fall25/Capstone/data/AGRICULTURE/15603319.pdf,/home/droski/Desktop/School/Fall25/Capstone/data/AGRICULTURE/21868149.pdf,/home/droski/Desktop/School/Fall25/Capstone/data/AGRICULTURE/16653657.pdf,/home/droski/Desktop/School/Fall25/Capstone/data/AGRICULTURE/56068028.pdf,/home/droski/Desktop/School/Fall25/Capstone/data/AGRICULTURE/24001783.pdf,/home/droski/Desktop/School/Fall25/Capstone/data/AGRICULTURE/62994611.pdf
/home/droski/Desktop/School/Fall25/Capstone/data/AGRICULTURE/23631188.pdf,1.0000000000000002,0.06274857768488326,0.07119944330352622,0.06080676984260014,0.07877005097595428,0.05481664290640394,0.038868180211694546,0.20525791332439322,0.03791374464121319,0.06358556174838921,0.029449715071071754,0.08832137950494169,0.023005267878709056,0.07407944450367082,0.04478510692484473,0.05968781774905869,0.0177012211932443,0.04985575748208267,0.06524550627143161,0.02732004912103401,0.0651750052583811,0.074151629020516,0.03160040425354829,0.12892104851262057,0.08289817980811495,0.05818629519654227,0.05374073739194013,0.07628822685575985,0.07527847378717374,0.03486941654984184,0.09246564073996293,0.031241860095421032,0.0373227418801472,0.07186301024388153,0.09655580559310618,0.16691860615377307,0.1274038797791744,0.24726704694278434,0.06588492275832529,0.08047315063778104,0.03837482193025226,0.09990632896337,0.09702332757446362,0.08437602209696618,0.12317987911783776,0.034257605839913136,0.04898548998969969,0.07276062204494849,0.117915676247792,0.05361571337586153,0.06426306996995497,0.061854240579491265,0.02473957647405642,0.04647685649106119,0.08640011105128058,0.04041046279295157,0.07392166057299003,0.0369756283861163,0.05601453773405261,0.07915970759756459,0.07822217916964017,0.04128611721610484,0.032868247150894876
/home/droski/Desktop/School/Fall25/Capstone/data/AGRICULTURE/16661264.pdf,0.06274857768488326,1.0000000000000002,0.05541432861791225,0.06553142169890701,0.03262398018300145,0.0750821735574209,0.05720467863367408,0.11011286973703895,0.03918474386377919,0.037435873318027585,0.03661111519742472,0.06786187053696294,0.02285574281861206,0.034257581893899665,0.055482621903287406,0.14189253983379171,0.020435298700061583,0.049489800119981095,0.06172685721454813,0.04907217854970308,0.04898164118205171,0.051219913637806924,0.03622348706113773,0.05810572095041271,0.06736259764992647,0.058637020461966234,0.038379109120022,0.042115444904023844,0.06058866082047985,0.033618990872923124,0.09002800246140959,0.10584625617546206,0.05558028438306881,0.06045658453178637,0.06672429763933647,0.07290494388020792,0.052072490762519706,0.07602533376581061,0.044982316144486056,0.0663945549545909,0.036490478935733116,0.0616295052812058,0.0836059035246395,0.08847650083123838,0.06742979791240482,0.053806674685157097,0.04777930788278741,0.07135356122345482,0.07051543408901154,0.04432543970267927,0.07481904223957728,0.11127963451325246,0.04204811249070135,0.06582589195907658,0.07488702415023678,0.039465973066127834,0.09615594767917011,0.05530713565618189,0.07111856574426115,0.04947617404950233,0.07213622533405845,0.07391897649800369,0.03514615158675433
/home/droski/Desktop/School/Fall25/Capstone/data/AGRICULTURE/30437583.pdf,0.07119944330352622,0.05541432861791225,1.0000000000000007,0.0966336625436141,0.08981127444898487,0.09277003694444406,0.20474314888974512,0.09830507260628263,0.04512980883549099,0.06346720735095471,0.06034142841534896,0.12215270825976789,0.045428872596791035,0.10471191758044578,0.08112320802897847,0.080882880755676,0.03449531046124354,0.08405983222195813,0.03779676056390907,0.03457495673927374,0.14390031845315607,0.05196133157656696,0.03119110346013667,0.10236359167814671,0.07455072820975536,0.0645615381304781,0.0860505355321679,0.05965202834871546,0.14077687130186126,0.05569413591651331,0.09326554862866795,0.0608615320743307,0.04027791903173897,0.06520646815327041,0.08080149472686243,0.1463870103292654,0.054650086556482076,0.09315284875183914,0.06005532514840367,0.08576840469161101,0.09225337019002093,0.11533653935924532,0.07816463235751336,0.07372544113935986,0.07838188448016142,0.06571691237919262,0.09464544368678846,0.1232297225145752,0.09145203470335994,0.04346913799194211,0.07573117799052433,0.08540629765074263,0.0798300017594021,0.11122058506712056,0.09981307571518867,0.06639064777499616,0.1059908109644981,0.042068375053890016,0.08754610731959755,0.08870664600054753,0.07988440287884734,0.06438996687287059,0.04581367480910746
/home/droski/Desktop/School/Fall25/Capstone/data/AGRICULTURE/20969119.pdf,0.06080676984260014,0.06553142169890701,0.0966336625436141,0.9999999999999915,0.05076382952568441,0.11110186213438775,0.08162817511233725,0.10576307595595126,0.05120384701559852,0.059217498880260025,0.059110809489444416,0.13000626380832064,0.03944688462260821,0.10440919906028098,0.07433214147597467,0.06670535066751265,0.051105961340012586,0.08533169541110562,0.05095228458378933,0.033689523704407844,0.13559497946895824,0.12666838983479467,0.02985711105132895,0.10392241081577369,0.06813958508464853,0.07732506937617288,0.04209950408279464,0.07453202177411843,0.10896375632538352,0.048608356024210014,0.07261739722170754,0.05539189874437312,0.04393396345396643,0.13613207405520283,0.12282187910853129,0.13494706397002873,0.11777491163669486,0.12082418685095628,0.11031274204118476,0.049650079651161284,0.07938688232346133,0.08863812975872527,0.0628109751209704,0.10359201811110066,0.0779326118533138,0.05778159023113103,0.0775327726619341,0.09352121121158798,0.0899190848606034,0.06821202195541984,0.07309076527276673,0.06778716971379141,0.03848442985315886,0.0739851979701862,0.1439546822543448,0.0649248538917801,0.14815599040324376,0.04141913223250068,0.08809470618061684,0.05740473071233953,0.10650418885681029,0.05964634835069068,0.056781684344159755
/home/droski/Desktop/School/Fall25/Capstone/data/AGRICULTURE/29510501.pdf,0.07877005097595428,0.03262398018300145,0.08981127444898487,0.05076382952568441,1.0,0.09327433522380829,0.04852739177473194,0.07191829997693745,0.04633542156598146,0.03186619198004055,0.15175885780387988,0.06308388415095478,0.022621395099453673,0.06126845777961734,0.07151461953893526,0.05036072913876818,0.019834838588555233,0.054915967254652295,0.06749902883263816,0.026681112398064262,0.08234814307764618,0.07608398846572816,0.025421931128303692,0.09116779066729079,0.06789656566267689,0.07088885099621432,0.042979138796296695,0.06073240420222146,0.0700572570670345,0.042346116009130054,0.11169671022071913,0.04319587632992391,0.03268588106338505,0.05638679060335753,0.07409059671910534,0.09173991243748439,0.06820341099978476,0.05320428003771206,0.08557311365481395,0.0662268681471305,0.04321927717346657,0.08834058607965697,0.06973490878596798,0.07058441061382209,0.1111514659840512,0.05302209281606875,0.10891604023906336,0.12092522243034211,0.12486588385515095,0.06099191943672313,0.07123612423968481,0.06625247895179463,0.031232272167635612,0.07514846417332331,0.06688259632788685,0.15455844427492557,0.08541517101412793,0.035837517781172605,0.06609847142249005,0.08495656486552716,0.06310250561270511,0.043263737854790034,0.024732468019711618
/home/droski/Desktop/School/Fall25/Capstone/data/AGRICULTURE/28165687.pdf,0.05481664290640394,0.0750821735574209,0.09277003694444406,0.11110186213438775,0.09327433522380829,1.0000000000000004,0.21140338075204237,0.08070134501531731,0.07107516976878364,0.03668052324488469,0.15654877145992646,0.0905733354948995,0.08398405783239808,0.06996753756825093,0.12513399447476842,0.10343525424200033,0.04828127639533612,0.09882870209383865,0.08630107903527062,0.08440928779203057,0.09862224939788702,0.07756160072371744,0.044113310159489966,0.10256915451406355,0.09691685320046992,0.11172317808948258,0.05925458059447154,0.05645790348670622,0.10576002226631935,0.06792743922059502,0.13147003696230977,0.06438023708485939,0.10694784895334498,0.08869505860540351,0.1045515728686961,0.1022198243981773,0.05971024041694752,0.05343066748155595,0.08384681827267136,0.1907337308142012,0.06866737351029749,0.11244489484267653,0.09910596369977398,0.09295582001733535,0.09333956528205352,0.07727748353916962,0.15558333341461186,0.17590877737441488,0.06529094120452354,0.08318777302025962,0.09430164216415991,0.1512090792273971,0.07510603883436698,0.20338369484580218,0.13477887326499152,0.1644922410573101,0.10928235977251526,0.10484474297637751,0.12050918316224626,0.0681798927864461,0.0660359360609932,0.09920316538662478,0.04851500009429656
/home/droski/Desktop/School/Fall25/Capstone/data/AGRICULTURE/69336473.pdf,0.038868180211694546,0.05720467863367408,0.20474314888974512,0.08162817511233725,0.04852739177473194,0.21140338075204237,1.000000000000001,0.1079883328570981,0.050729930467168595,0.04221454043342012,0.07281620685485067,0.07530084739100541,0.04544894884112942,0.049307732209532086,0.07403776944412578,0.10318932093904934,0.01742243278186269,0.09004188453555811,0.05136178368612933,0.03144422422848498,0.08023524529789813,0.056657551306205936,0.05262803459210767,0.05998846375655436,0.07249619554819134,0.07196283605667513,0.03053655441231281,0.03730891516528071,0.09099798577249942,0.07826352138714837,0.07065588612222155,0.045585223475804224,0.040341814416176736,0.0694254201257983,0.11883160876387686,0.09224544301585293,0.053420392466742676,0.062487889538072765,0.06908216744346678,0.07949965373142999,0.05756575865903665,0.1459415630391679,0.06010808575548794,0.07154907815944142,0.07237210049599271,0.06602638573695578,0.11368449714057281,0.11139478483954257,0.07817120888534893,0.04841299175393546,0.0528573697766558,0.08524449049521363,0.08239229607673602,0.09289892660188909,0.12757861516828803,0.07772731666712024,0.14209415210024046,0.038862651031120805,0.0756361595058541,0.0507515325281891,0.05769707127987187,0.07047289208968181,0.02705866731661041
/home/droski/Desktop/School/Fall25/Capstone/data/AGRICULTURE/16507693.pdf,0.20525791332439322,0.11011286973703895,0.09830507260628263,0.10576307595595126,0.07191829997693745,0.08070134501531731,0.1079883328570981,1.0000000000000004,0.05470898415834667,0.1331242301276498,0.05469655345880636,0.09934034968558109,0.024300196424254773,0.08456258227420134,0.07796711528680311,0.09571787822182765,0.03418430649046908,0.08739580304086988,0.07778220928188037,0.03919484491634341,0.09227901961082922,0.08182157209384237,0.04943466206210536,0.14340024179489244,0.07625173858102574,0.08745545572092714,0.05619676043426891,0.09632252739753457,0.12337152521625223,0.05242421836906944,0.11948814966176075,0.060536742905818106,0.05222892754720816,0.07304541631375694,0.10063217022792777,0.17743092513819797,0.1261543149093546,0.21834082553089915,0.0716661045257799,0.06858303858093057,0.061744258208510615,0.13303477692255083,0.08534307390250571,0.11833449910171301,0.10472887745048229,0.07637935274967203,0.07188844807164738,0.13831554637346402,0.15661311830602004,0.05305961931493682,0.07268224955292557,0.07291836343426711,0.07736473860167409,0.07317232714392446,0.13960898603987604,0.05425424659234538,0.1312681008313923,0.05003549124659053,0.08485975907557054,0.095890156138306,0.08277296072468433,0.05901333778803523,0.03553240924166213
/home/droski/Desktop/School/Fall25/Capstone/data/AGRICULTURE/15546686.pdf,0.03791374464121319,0.03918474386377919,0.04512980883549099,0.05120384701559852,0.04633542156598146,0.07107516976878364,0.050729930467168595,0.05470898415834667,0.9999999999999992,0.030645983831582034,0.029189703769784636,0.04409895923360367,0.03562820485815508,0.0452516384597936,0.039549258586317346,0.06177911130998306,0.0820451739680691,0.037234170745991425,0.045302444518478216,0.05812526967047506,0.08038686658852232,0.05324245370353015,0.026883024108007622,0.07541517854082083,0.1073344471937785,0.054098746628305425,0.06758232759339682,0.04229247577861994,0.041493389847637084,0.038849805832468956,0.06610208013163418,0.032718831772141715,0.0493769354788748,0.047428908892707115,0.056209077405669404,0.08092940455760586,0.05160418778640155,0.060120976366723124,0.05666902419875215,0.047481853868774314,0.03247705087006534,0.1052867975220634,0.08709305547470869,0.07888550185167872,0.06200623927123726,0.02771966127003479,0.03313489334121865,0.06174734367738672,0.05983661802964387,0.04629114211946692,0.042413558741378254,0.08057294208297566,0.03192083440202021,0.04710248202304265,0.11139639107791224,0.03270251839661111,0.09285741672855823,0.046893585218985685,0.05135212948315943,0.09371023364223578,0.04800398768476697,0.0654073511629505,0.03335677656152696
/home/droski/Desktop/School/Fall25/Capstone/data/AGRICULTURE/16172429.pdf,0.06358556174838921,0.037435873318027585,0.06346720735095471,0.059217498880260025,0.03186619198004055,0.03668052324488469,0.04221454043342012,0.1331242301276498,0.030645983831582034,1.0000000000000002,0.030608011855464908,0.05275057076672516,0.0208498040720341,0.04158251579104797,0.034500743551063195,0.07055424987610133,0.02176893897515379,0.04983814885973486,0.05328418209318476,0.03608711062152655,0.05191380130662356,0.04786895378710877,0.030856819681383176,0.051469042261358476,0.053106288375676124,0.055529480323580495,0.05432549684194152,0.0777882495863643,0.05301697818352026,0.05145796256600074,0.056122246758897675,0.03857887809840108,0.029608958758220803,0.06008105188837289,0.054412200556543985,0.08186687384380538,0.06614331531461891,0.14576645937827457,0.06146513644317275,0.04726160224023699,0.01868770628907837,0.06610584774110738,0.03994521933529778,0.07841959788760673,0.04493709644654045,0.03398672097903268,0.04083485896390091,0.07016125149558296,0.0761588051199248,0.02673405657286291,0.032119293266392374,0.057139435478266574,0.018452544942369375,0.05757286058564827,0.06265302103738354,0.04029345922819911,0.07219283590789802,0.025701705736222498,0.05295518817485983,0.058456388958443024,0.08265952513703685,0.039458258401974214,0.02977104345086287
/home/droski/Desktop/School/Fall25/Capstone/data/AGRICULTURE/37201447.pdf,0.029449715071071754,0.03661111519742472,0.06034142841534896,0.059110809489444416,0.15175885780387988,0.15654877145992646,0.07281620685485067,0.05469655345880636,0.029189703769784636,0.030608011855464908,1.0000000000000002,0.059786594316377,0.05056868919072241,0.03310885595136111,0.0835985850923171,0.04921205659865303,0.01603835205144973,0.054537727683101084,0.044813574867073803,0.02099717385560613,0.07581297812474956,0.05810196351307879,0.03287924140026195,0.06309172157550567,0.03797512509168204,0.09536348930687437,0.023311051284476508,0.03468748842240127,0.059395957711601506,0.023225045367183825,0.09581383822157348,0.04453825261948205,0.02960517955825826,0.043403573750782035,0.07721307246627128,0.06578222674062927,0.03335657358860983,0.027347020362428722,0.04945389734998326,0.04642189252021954,0.03861831620683843,0.03713397709970332,0.026811963932404436,0.06142744231241571,0.041025576732529906,0.11553518027634238,0.14093104759520972,0.22217165736809935,0.03173596190931066,0.03867300753821574,0.042898954906571723,0.06445865691319871,0.045140523948122666,0.18707041440683936,0.06828057841431619,0.8813662139514409,0.07627374511349064,0.02889042797008577,0.062478083293922244,0.04011728792877217,0.047094477942894675,0.03753946475812807,0.03078876981749925
/home/droski/Desktop/School/Fall25/Capstone/data/AGRICULTURE/28733974.pdf,0.08832137950494169,0.06786187053696294,0.12215270825976789,0.13000626380832064,0.06308388415095478,0.0905733354948995,0.07530084739100541,0.09934034968558109,0.04409895923360367,0.05275057076672516,0.059786594316377,0.9999999999999998,0.04938997273804238,0.20689581799763318,0.08206698802659866,0.10038286702980077,0.02460869308723946,0.11835037487596677,0.07011201708664533,0.05531037429351608,0.16814433240659077,0.07850035803060561,0.06296891125908044,0.09447478221346539,0.09712125389442917,0.0645749293163996,0.07978271623603833,0.06563063834750808,0.11679750392866989,0.04928449562612298,0.10150859904746175,0.07316629379971122,0.062448796644457856,0.13920834661233086,0.1383625354519239,0.1391032377605175,0.08044797232284845,0.11813807094494985,0.06618650564389848,0.07180411922486289,0.0896429791132042,0.09597690809812566,0.06287047684271588,0.10691648650622788,0.07611688279800521,0.0662463029035111,0.09775825521697085,0.09871353811864571,0.11751808514695707,0.0569801670986614,0.0694627185815376,0.12580836816180208,0.051313368635322834,0.1021461010692139,0.11525619363072567,0.07010986355609373,0.1541299256571458,0.05827999575548745,0.10114809288397716,0.060890886366294944,0.09982062387939838,0.07009999048183052,0.054396951462561065
/home/droski/Desktop/School/Fall25/Capstone/data/AGRICULTURE/14140903.pdf,0.023005267878709056,0.02285574281861206,0.045428872596791035,0.03944688462260821,0.022621395099453673,0.08398405783239808,0.04544894884112942,0.024300196424254773,0.03562820485815508,0.0208498040720341,0.05056868919072241,0.04938997273804238,0.9999999999999956,0.03928632014965306,0.05319570770728327,0.026471044435072404,0.06449936561228078,0.05574768616231704,0.058575205151711045,0.04973522672349199,0.03807127492325905,0.031190911674859004,0.00963072124723646,0.035994898298225206,0.03554937600892314,0.04958635420242614,0.04709535382812514,0.02358159948211375,0.04032962487866267,0.03913751161547828,0.045069385707711164,0.021308177168726898,0.07411509335513532,0.02116224629576541,0.024779717329808038,0.03273785190412654,0.022292840263167028,0.021869621538514128,0.029079191476239902,0.07553210168661328,0.028032428281046868,0.05654766125038769,0.038955284488143296,0.030366122501444163,0.02300516695455417,0.030439410772483886,0.06536775953625841,0.06080951820642505,0.019821294053110224,0.038230874125104126,0.024251670775391806,0.073964546992877,0.027343427380217642,0.08567655374544114,0.04006510632158889,0.051836163877739344,0.0602129207245745,0.07293071988508705,0.03792878948031712,0.022012239299829255,0.021377909287652482,0.06677227064416111,0.02574564246612418
/home/droski/Desktop/School/Fall25/Capstone/data/AGRICULTURE/18264694.pdf,0.07407944450367082,0.034257581893899665,0.10471191758044578,0.10440919906028098,0.06126845777961734,0.06996753756825093,0.049307732209532086,0.08456258227420134,0.0452516384597936,0.04158251579104797,0.03310885595136111,0.20689581799763318,0.03928632014965306,1.0000000000000036,0.06647371960614622,0.05180192494838961,0.04532246587224408,0.08192406086643525,0.03834118992696415,0.038682660412065424,0.14718791910314535,0.07279889087922843,0.03088275933080827,0.11422295780809825,0.047221900106336964,0.04218722823485369,0.0482128179221803,0.06208852891632738,0.12949516208799602,0.027951331320264942,0.07167589168490021,0.02836352737696392,0.03600280668252863,0.09828099704029318,0.06422929580200362,0.1293335495804905,0.06201065286122686,0.09950835596080732,0.06338274667882678,0.07755636532202828,0.08478398786944334,0.10604740040958874,0.07778449439108048,0.051948449655891835,0.0792511728362798,0.041366194762154106,0.0684836291064176,0.07404302212637745,0.10647881092881897,0.048218565992737904,0.05417383030405502,0.06878859571757097,0.035823648187087484,0.11169598035211517,0.05946031077218682,0.042013154811154245,0.10425553475731733,0.0342824913208253,0.06723803025935382,0.07102431279662572,0.06311214374559729,0.042986974486246395,0.030599887326118447
/home/droski/Desktop/School/Fall25/Capstone/data/AGRICULTURE/54246169.pdf,0.04478510692484473,0.055482621903287406,0.08112320802897847,0.07433214147597467,0.07151461953893526,0.12513399447476842,0.07403776944412578,0.07796711528680311,0.039549258586317346,0.034500743551063195,0.0835985850923171,0.08206698802659866,0.05319570770728327,0.06647371960614622,1.0000000000000018,0.0669876196166468,0.029468863450252642,0.10069551162863304,0.041389415077391564,0.06413469996260016,0.09536030959520655,0.06619897747169756,0.024268834521816617,0.059765943464106255,0.05237658461717704,0.06383898488335588,0.04583063776702508,0.03993361330200675,0.10677826366136259,0.03874334882563715,0.07048353417400803,0.05211322171614975,0.0649960639636683,0.07102710111311096,0.06134840269981928,0.05862820932270545,0.05185829162122922,0.043874248468550286,0.0753136924623978,0.11616489866270052,0.058612350208888706,0.04337757329686065,0.04537639836442602,0.06337759381088058,0.055201792553954555,0.05962308892405365,0.09581682689460995,0.10840423904547802,0.06706390439910664,0.036377530137190264,0.06114601557384968,0.05766886264513555,0.0543478483041631,0.1341767714460989,0.06913384494927359,0.09121529005794701,0.08756992661796861,0.06982060419070091,0.1212952439070784,0.04441424378030039,0.06218553792072265,0.03857694858552816,0.05378448132364436
/home/droski/Desktop/School/Fall25/Capstone/data/AGRICULTURE/27888251.pdf,0.05968781774905869,0.14189253983379171,0.080882880755676,0.06670535066751265,0.05036072913876818,0.10343525424200033,0.10318932093904934,0.09571787822182765,0.06177911130998306,0.07055424987610133,0.04921205659865303,0.10038286702980077,0.026471044435072404,0.05180192494838961,0.0669876196166468,1.0000000000000002,0.022378552473138677,0.08720661867582732,0.07302843248454585,0.09980299062963764,0.07470000797299117,0.06833189514962418,0.04146114794056821,0.08320363568841659,0.10247656901034087,0.08306846526952552,0.04437071017019639,0.050668194341532365,0.1099876702491447,0.05274600225599091,0.08834623626282744,0.15943953878013783,0.07390174281913697,0.1366043335498197,0.10769363561684211,0.06313203976318876,0.07644827112738849,0.06125553443901416,0.061847466918228344,0.06076323841125174,0.049741975677457084,0.10461837622703195,0.1270435980077083,0.143966378647922,0.054383109541632245,0.0439811733122608,0.08324018304829198,0.09774243672275618,0.1019882669928225,0.053685146813332196,0.09112180975011083,0.15632508253474575,0.07092714649224117,0.07929772722168042,0.11187581243227328,0.05822155499777108,0.10884703785605959,0.07122708035517103,0.14135919564060456,0.1044454592815976,0.08074032116611717,0.17535331313842548,0.06071529685200736
/home/droski/Desktop/School/Fall25/Capstone/data/AGRICULTURE/55712978.pdf,0.0177012211932443,0.020435298700061583,0.03449531046124354,0.051105961340012586,0.019834838588555233,0.04828127639533612,0.01742243278186269,0.03418430649046908,0.0820451739680691,0.02176893897515379,0.01603835205144973,0.02460869308723946,0.06449936561228078,0.04532246587224408,0.029468863450252642,0.022378552473138677,1.0000000000000009,0.027953867236217324,0.03525287539158299,0.06447253823967611,0.04328478522727403,0.0338463836131783,0.006209024119586742,0.019326464459718116,0.032429002308655426,0.032228801827278865,0.11149272007782973,0.037712493329591215,0.05097418456999933,0.014152465360552901,0.030839263399965643,0.02319851841010487,0.035161897988966045,0.04073372131316559,0.024354009859707603,0.028717915176702448,0.018965878436851318,0.019670688023681257,0.02412827706645453,0.040547458748844585,0.024359641780886832,0.06425351619911479,0.038752869856113044,0.04377784465292973,0.02180558919350663,0.017651608863857596,0.031404919165338,0.05403485476670048,0.016507727114103657,0.030938568814641108,0.01625512499174818,0.04538767477044117,0.02117037207820725,0.03511657202849742,0.06530718923682588,0.01764690007547014,0.04128019957508805,0.03419578780816376,0.02954039208498738,0.058174064910692345,0.03982286878336683,0.03554359131587835,0.02677332504497954
/home/droski/Desktop/School/Fall25/Capstone/data/AGRICULTURE/17640785.pdf,0.04985575748208267,0.049489800119981095,0.08405983222195813,0.08533169541110562,0.054915967254652295,0.09882870209383865,0.09004188453555811,0.08739580304086988,0.037234170745991425,0.04983814885973486,0.054537727683101084,0.11835037487596677,0.05574768616231704,0.08192406086643525,0.10069551162863304,0.08720661867582732,0.027953867236217324,0.9999999999999998,0.07512182136154485,0.03794913784721904,0.07702781704962625,0.07845337013318385,0.05216941840659251,0.07170019384109474,0.09779948977028255,0.07915849181637352,0.06641297432953942,0.03595296461295502,0.10361411815420343,0.06756530740131832,0.10913206030723634,0.05229796854195888,0.06565974958717476,0.10304722758550143,0.0935445304793209,0.07647602918919025,0.05543921704403708,0.07782198382322453,0.06271140272851736,0.07580453541389445,0.06800694134872325,0.10894397442663609,0.0640869573600031,0.07672944361352259,0.0658849673135156,0.04956063417677052,0.10580197209486304,0.09929334439190166,0.07812837833379688,0.07021790416350486,0.051977056606622225,0.11650760118361309,0.044542323937164265,0.10554395878938912,0.09676490124232053,0.06094688127876928,0.1365569458278028,0.06237551602868213,0.12258807974573707,0.05531596689869807,0.08732900756524622,0.06278444574884662,0.03928797986881118
/home/droski/Desktop/School/Fall25/Capstone/data/AGRICULTURE/16849128.pdf,0.06524550627143161,0.06172685721454813,0.03779676056390907,0.05095228458378933,0.06749902883263816,0.08630107903527062,0.05136178368612933,0.07778220928188037,0.045302444518478216,0.05328418209318476,0.044813574867073803,0.07011201708664533,0.058575205151711045,0.03834118992696415,0.041389415077391564,0.07302843248454585,0.03525287539158299,0.07512182136154485,0.9999999999999996,0.04440014733040013,0.048170315265319646,0.082613810103151,0.03693495981372129,0.09136047707736267,0.11932571614335295,0.10954585391289166,0.04133091375387959,0.046049730046123026,0.031315321561387346,0.13564034323536178,0.12059591078398922,0.03712699393858018,0.06524749076094151,0.06115881911623204,0.06598169663327522,0.062350734647047476,0.05127552562321941,0.043324579120292646,0.12452382916170077,0.060459666612660286,0.025243167685093507,0.0882768837571441,0.10133267791434654,0.13422034916208728,0.08103526505806939,0.041105259030868826,0.07497596705162526,0.05173239666909285,0.05082807571467308,0.0867618113865836,0.08149808468134966,0.11964953404755693,0.056499849598000154,0.06022305955234614,0.09356406227468331,0.045761170399373656,0.09242873947376239,0.05962256233411872,0.059707114969514086,0.056186140975198015,0.07639474327569175,0.10974321143716056,0.057786995733266566
/home/droski/Desktop/School/Fall25/Capstone/data/AGRICULTURE/24068423.pdf,0.02732004912103401,0.04907217854970308,0.03457495673927374,0.033689523704407844,0.026681112398064262,0.08440928779203057,0.03144422422848498,0.03919484491634341,0.05812526967047506,0.03608711062152655,0.02099717385560613,0.05531037429351608,0.04973522672349199,0.038682660412065424,0.06413469996260016,0.09980299062963764,0.06447253823967611,0.03794913784721904,0.04440014733040013,1.0,0.056816745841255664,0.031595821140770065,0.017077266262937058,0.06199993194613819,0.04775556212025048,0.05567488936531059,0.06774116219597595,0.04914059919816015,0.07058332496336374,0.023031452515413945,0.03629728895270769,0.04752712992233298,0.08491314714142521,0.04459511527279232,0.02843994239587529,0.041922996457417136,0.04154493716921551,0.04145582723795412,0.03052252570096262,0.094510597207332,0.028478061516642592,0.07281444085090792,0.062487664130897375,0.04715333616321407,0.038291368120293885,0.019021545170660237,0.03684300935340348,0.047827604865234255,0.03870198621080368,0.040741841283758504,0.0384595816162631,0.1603087183456654,0.047603396472989855,0.06723381680525566,0.061407072416819704,0.029996397432255854,0.04365808275491349,0.08193546967319078,0.06289272934310175,0.056255994041850416,0.045315936703138465,0.12861917710532558,0.030473176231706697
/home/droski/Desktop/School/Fall25/Capstone/data/AGRICULTURE/89740812.pdf,0.0651750052583811,0.04898164118205171,0.14390031845315607,0.13559497946895824,0.08234814307764618,0.09862224939788702,0.08023524529789813,0.09227901961082922,0.08038686658852232,0.05191380130662356,0.07581297812474956,0.16814433240659077,0.03807127492325905,0.14718791910314535,0.09536030959520655,0.07470000797299117,0.04328478522727403,0.07702781704962625,0.048170315265319646,0.056816745841255664,0.9999999999999999,0.08260145119995312,0.025533409471772624,0.11460984516369947,0.09981862394703209,0.0817217913722193,0.056114217560654586,0.0787309122340085,0.13063616156374744,0.04941184696193508,0.08979294236132579,0.06008860757810055,0.05374568648006903,0.11151747120954689,0.11367175071721355,0.1478534111681984,0.1460703763799931,0.11035877069858714,0.09240962863056368,0.08358754078686495,0.08193626235649028,0.10994023001663673,0.06032189797416268,0.08269568428821973,0.06232625224475489,0.06117984085073718,0.08844554442489522,0.1702092344287927,0.09974129626399122,0.04857471035100588,0.07767862229191745,0.0749020190741801,0.03669838083505721,0.13318255047551034,0.11144208115619744,0.08389717132785238,0.1075909420324936,0.05491278202285323,0.10241213339103591,0.07214482555685653,0.08637594612465306,0.06554256686786669,0.08371033104118213
/home/droski/Desktop/School/Fall25/Capstone/data/AGRICULTURE/20006992.pdf,0.074151629020516,0.051219913637806924,0.05196133157656696,0.12666838983479467,0.07608398846572816,0.07756160072371744,0.056657551306205936,0.08182157209384237,0.05324245370353015,0.04786895378710877,0.05810196351307879,0.07850035803060561,0.031190911674859004,0.07279889087922843,0.06619897747169756,0.06833189514962418,0.0338463836131783,0.07845337013318385,0.082613810103151,0.031595821140770065,0.08260145119995312,1.0000000000000004,0.05309879757401998,0.14139685241541966,0.1134500049357676,0.07772149410252589,0.03769971319448194,0.056874582345624924,0.06376460871860885,0.05334072205342166,0.11729897143983486,0.03325314601858549,0.049868082273773685,0.07806532408248826,0.14068129607567112,0.09884787516626763,0.1190363239640241,0.08549421820662907,0.05991107875865411,0.05399709092825474,0.056129915515904925,0.09369954034386128,0.06568459271818479,0.12178855175938608,0.07829036949936946,0.05751754714790972,0.08297911490716217,0.12254310637315982,0.09193771627833643,0.12285730570423414,0.06592685086648906,0.0830979972526741,0.06564651115369094,0.06989878370324754,0.16504407576888278,0.06066344034417718,0.12510333144173527,0.04439740609168116,0.06134860677458345,0.05470601506383006,0.05869556969799575,0.06186820390434461,0.053923341958449326
/home/droski/Desktop/School/Fall25/Capstone/data/AGRICULTURE/27689009.pdf,0.03160040425354829,0.03622348706113773,0.03119110346013667,0.02985711105132895,0.025421931128303692,0.044113310159489966,0.05262803459210767,0.04943466206210536,0.026883024108007622,0.030856819681383176,0.03287924140026195,0.06296891125908044,0.00963072124723646,0.03088275933080827,0.024268834521816617,0.04146114794056821,0.006209024119586742,0.05216941840659251,0.03693495981372129,0.017077266262937058,0.025533409471772624,0.05309879757401998,1.0000000000000004,0.03435593116407661,0.044734144102067726,0.03560313421805938,0.019091540072859993,0.027712378072526016,0.025794199977979812,0.02317134193649527,0.04934160803305492,0.02760550276590111,0.025100958164601273,0.0223828053891366,0.056427258271934545,0.03354226249239636,0.037777378163168646,0.037262037810214574,0.024769093525129814,0.024909903087307308,0.026000184201744537,0.06494520048289062,0.03376091740291135,0.07202578864983204,0.055723689296127935,0.03315326191074981,0.03917278191329218,0.03856884783138529,0.047458662226263125,0.0308139165868358,0.02263606035626812,0.05348462050339864,0.023903884856175096,0.02844987060834035,0.05597788001840123,0.03619351098284983,0.12103857450226507,0.024452380915622466,0.029999182322499852,0.02490129392646109,0.027237395248197262,0.02917738709012272,0.03498601900415853
/home/droski/Desktop/School/Fall25/Capstone/data/AGRICULTURE/69859102.pdf,0.12892104851262057,0.05810572095041271,0.10236359167814671,0.10392241081577369,0.09116779066729079,0.10256915451406355,0.05998846375655436,0.14340024179489244,0.07541517854082083,0.051469042261358476,0.06309172157550567,0.09447478221346539,0.035994898298225206,0.11422295780809825,0.059765943464106255,0.08320363568841659,0.019326464459718116,0.07170019384109474,0.09136047707736267,0.06199993194613819,0.11460984516369947,0.14139685241541966,0.03435593116407661,0.9999999999999902,0.10827649310375144,0.12535215843883557,0.07817367753112918,0.10610711487531518,0.1311279241105641,0.11923319898565245,0.19979278519385268,0.04249032634749944,0.04565227538476436,0.07665677709064715,0.17001887834258925,0.19460780893837276,0.19294697347158415,0.08715059122742595,0.09849655812424368,0.12072306719592137,0.08651706580665589,0.16225888465436453,0.12206600226207678,0.15675020849730262,0.11656870164725402,0.06631042202698384,0.10647302145965205,0.11034983797838607,0.16751636626594188,0.13680152726950626,0.1382029080066944,0.14770438470482677,0.07701943292755295,0.08632717145742394,0.26992720541748744,0.0624475858165474,0.12880629388142584,0.039416978409786425,0.0840008899764301,0.12294671034046842,0.10538723625588756,0.07117459883256498,0.047081701654726554
/home/droski/Desktop/School/Fall25/Capstone/data/AGRICULTURE/11676151.pdf,0.08289817980811495,0.06736259764992647,0.07455072820975536,0.06813958508464853,0.06789656566267689,0.09691685320046992,0.07249619554819134,0.07625173858102574,0.1073344471937785,0.053106288375676124,0.03797512509168204,0.09712125389442917,0.03554937600892314,0.047221900106336964,0.05237658461717704,0.10247656901034087,0.032429002308655426,0.09779948977028255,0.11932571614335295,0.04775556212025048,0.09981862394703209,0.1134500049357676,0.044734144102067726,0.10827649310375144,1.0,0.0910891092821952,0.0691100333915942,0.0998476092083483,0.06650243746934201,0.06569990401165163,0.11138317208655843,0.043705332395641075,0.06336683008598193,0.11886899260797688,0.13926123822727793,0.10339000770350391,0.08959762703170712,0.10735577555323657,0.09982621716984165,0.0874679896256178,0.03807150109040205,0.10726716981503019,0.08945197668844224,0.1392861280307985,0.11683850823201991,0.046633228160647196,0.084370645266849,0.09613412314477453,0.11443068057337423,0.07707380594207668,0.0711005047944586,0.11707842039635571,0.07571850472401515,0.06826965774038737,0.1655823658365805,0.04827365097473162,0.10887049839838356,0.05481807923637955,0.08835406676425575,0.07970495784396249,0.10632361184337287,0.08412367984345356,0.11159121214414147
/home/droski/Desktop/School/Fall25/Capstone/data/AGRICULTURE/29746235.pdf,0.05818629519654227,0.058637020461966234,0.0645615381304781,0.07732506937617288,0.07088885099621432,0.11172317808948258,0.07196283605667513,0.08745545572092714,0.054098746628305425,0.055529480323580495,0.09536348930687437,0.0645749293163996,0.04958635420242614,0.04218722823485369,0.06383898488335588,0.08306846526952552,0.032228801827278865,0.07915849181637352,0.10954585391289166,0.05567488936531059,0.0817217913722193,0.07772149410252589,0.03560313421805938,0.12535215843883557,0.0910891092821952,0.9999999999999998,0.03978690466173124,0.08068352229737852,0.07813702578590255,0.10034016029810472,0.12837048594763542,0.06866771159039964,0.060252549976062615,0.08232150850032177,0.10834151197357875,0.08086866233636981,0.07902608425014837,0.06330397164949883,0.07525492182277438,0.05882743693855033,0.056769079731204104,0.0851469780068577,0.08169702522178021,0.07918673826521626,0.07902970915343276,0.07739365642070549,0.13380320545790192,0.11550845705740466,0.06814642757462605,0.10603059320027122,0.09509960567327193,0.10395849554435196,0.0726258220744986,0.11648781032899036,0.11594255715978144,0.12367531658060615,0.10317067866232373,0.05729542671294253,0.11410124954839038,0.07364628509945698,0.11731415717808634,0.0902715170422814,0.057159882028007446
/home/droski/Desktop/School/Fall25/Capstone/data/AGRICULTURE/81042872.pdf,0.05374073739194013,0.038379109120022,0.0860505355321679,0.04209950408279464,0.042979138796296695,0.05925458059447154,0.03053655441231281,0.05619676043426891,0.06758232759339682,0.05432549684194152,0.023311051284476508,0.07978271623603833,0.04709535382812514,0.0482128179221803,0.04583063776702508,0.04437071017019639,0.11149272007782973,0.06641297432953942,0.04133091375387959,0.06774116219597595,0.056114217560654586,0.03769971319448194,0.019091540072859993,0.07817367753112918,0.0691100333915942,0.03978690466173124,1.0000000000000004,0.07124435547453599,0.08146822108626513,0.03339365404095599,0.06668476891891266,0.037716171463923504,0.06021905467298028,0.06262293101953559,0.04303552497496767,0.08587858032361151,0.062320207538398925,0.06701930638535879,0.059338500072029295,0.0835910575137731,0.04069954672979893,0.0919860325914615,0.08456150104485562,0.058058310955224034,0.06797726793253855,0.029475545675087672,0.04543226141354129,0.04404282530619485,0.05607806233379893,0.031162205351384042,0.054654985928051646,0.07754136473835554,0.029205496722795574,0.0519356961896621,0.07575599108832717,0.02941788163958816,0.08067628844667557,0.052809976729687104,0.06166001167374553,0.09769714758160396,0.05762701341929472,0.0639872565312701,0.038204683703797086
/home/droski/Desktop/School/Fall25/Capstone/data/AGRICULTURE/11813872.pdf,0.07628822685575985,0.042115444904023844,0.05965202834871546,0.07453202177411843,0.06073240420222146,0.05645790348670622,0.03730891516528071,0.09632252739753457,0.04229247577861994,0.0777882495863643,0.03468748842240127,0.06563063834750808,0.02358159948211375,0.06208852891632738,0.03993361330200675,0.050668194341532365,0.037712493329591215,0.03595296461295502,0.046049730046123026,0.04914059919816015,0.0787309122340085,0.056874582345624924,0.027712378072526016,0.10610711487531518,0.0998476092083483,0.08068352229737852,0.07124435547453599,0.999999999999999,0.06727356010420989,0.041242790047172906,0.06366092773207077,0.0479435071517165,0.04941259450859287,0.0997605157766317,0.09108109615111747,0.1205629280342447,0.09414237126417681,0.10729083642613141,0.05577524426051679,0.07281424839239567,0.027090698882447133,0.09574914039471003,0.07020988519210695,0.09710358670714582,0.06976524538305727,0.035969539513030585,0.03322257517667032,0.07619424059427167,0.08261057064219285,0.03499170077627465,0.05614288852589585,0.07615511868497743,0.04494812967195153,0.06927540932545011,0.10589264870379063,0.04233372411604815,0.05525294690511634,0.04863050410141986,0.0804870253936993,0.11773385436179311,0.10065996147923273,0.05463640989461806,0.1052214512947805
/home/droski/Desktop/School/Fall25/Capstone/data/AGRICULTURE/21134923.pdf,0.07527847378717374,0.06058866082047985,0.14077687130186126,0.10896375632538352,0.0700572570670345,0.10576002226631935,0.09099798577249942,0.12337152521625223,0.041493389847637084,0.05301697818352026,0.059395957711601506,0.11679750392866989,0.04032962487866267,0.12949516208799602,0.10677826366136259,0.1099876702491447,0.05097418456999933,0.10361411815420343,0.031315321561387346,0.07058332496336374,0.13063616156374744,0.06376460871860885,0.025794199977979812,0.1311279241105641,0.06650243746934201,0.07813702578590255,0.08146822108626513,0.06727356010420989,1.0000000000000047,0.057907848052383776,0.06717892127294733,0.07342800809741162,0.04946547957638174,0.148623712061752,0.09670643567746239,0.13583911146231353,0.06404342044779894,0.12491661828045865,0.07069984355671526,0.10372927203520857,0.10063044575074143,0.10673944071682676,0.09793746693417578,0.06478540821681605,0.09716057841780308,0.05062795717954702,0.0704918657401789,0.10014183615738746,0.08879782563784802,0.05937896734588067,0.09190546926591056,0.07869421359271765,0.07839504683896667,0.09828781995778173,0.07814540623893225,0.07128321763027466,0.11047769890305603,0.046711253375174025,0.16380024868900867,0.08856161419839097,0.10191225209255395,0.043777187341520696,0.05737936278523683
/home/droski/Desktop/School/Fall25/Capstone/data/AGRICULTURE/19851252.pdf,0.03486941654984184,0.033618990872923124,0.05569413591651331,0.048608356024210014,0.042346116009130054,0.06792743922059502,0.07826352138714837,0.05242421836906944,0.038849805832468956,0.05145796256600074,0.023225045367183825,0.04928449562612298,0.03913751161547828,0.027951331320264942,0.03874334882563715,0.05274600225599091,0.014152465360552901,0.06756530740131832,0.13564034323536178,0.023031452515413945,0.04941184696193508,0.05334072205342166,0.02317134193649527,0.11923319898565245,0.06569990401165163,0.10034016029810472,0.03339365404095599,0.041242790047172906,0.057907848052383776,1.000000000000001,0.09248296473011788,0.02138686656386401,0.04740255401938034,0.05742062954262298,0.08627698296908179,0.07429252975325307,0.06465708908913839,0.039478953368122634,0.1410646658732554,0.04526999324537708,0.02766736430144999,0.08581997845626357,0.06319190019194432,0.08043304597651432,0.03858320267794424,0.028346276141732848,0.10123198970990648,0.042307775586323065,0.0652869170551931,0.06690907720748475,0.09922745479319471,0.12436923174837108,0.07385391944377094,0.043570502851335284,0.09593323641206318,0.026434266312593876,0.07520569251767872,0.04050667237662184,0.0628744207017047,0.049939505136014244,0.06068962147821448,0.10857594545902675,0.032758665707889524
/home/droski/Desktop/School/Fall25/Capstone/data/AGRICULTURE/79536879.pdf,0.09246564073996293,0.09002800246140959,0.09326554862866795,0.07261739722170754,0.11169671022071913,0.13147003696230977,0.07065588612222155,0.11948814966176075,0.06610208013163418,0.056122246758897675,0.09581383822157348,0.10150859904746175,0.045069385707711164,0.07167589168490021,0.07048353417400803,0.08834623626282744,0.030839263399965643,0.10913206030723634,0.12059591078398922,0.03629728895270769,0.08979294236132579,0.11729897143983486,0.04934160803305492,0.19979278519385268,0.11138317208655843,0.12837048594763542,0.06668476891891266,0.06366092773207077,0.06717892127294733,0.09248296473011788,1.0000000000000009,0.06220620161954744,0.06485857121857211,0.07526612911960502,0.13123659790312564,0.10268864731631475,0.0966869885881395,0.08091418056102359,0.11341485421722847,0.06217085296326121,0.061115469699572496,0.09222469600236836,0.08744774587865027,0.14471665037974155,0.094584617299381,0.0609867480675561,0.11657930847297607,0.12396460634225022,0.10835903889451157,0.10121726853959992,0.09188206543042675,0.11923887632025368,0.07818504290213821,0.10946320984967348,0.15596218994643474,0.0971762247584995,0.11579252095441456,0.06424927380234263,0.07622265984143585,0.0977659431833891,0.14877463913569997,0.08967409060706949,0.04446066000481604
/home/droski/Desktop/School/Fall25/Capstone/data/AGRICULTURE/17499196.pdf,0.031241860095421032,0.10584625617546206,0.0608615320743307,0.05539189874437312,0.04319587632992391,0.06438023708485939,0.045585223475804224,0.060536742905818106,0.032718831772141715,0.03857887809840108,0.04453825261948205,0.07316629379971122,0.021308177168726898,0.02836352737696392,0.05211322171614975,0.15943953878013783,0.02319851841010487,0.05229796854195888,0.03712699393858018,0.04752712992233298,0.06008860757810055,0.03325314601858549,0.02760550276590111,0.04249032634749944,0.043705332395641075,0.06866771159039964,0.037716171463923504,0.0479435071517165,0.07342800809741162,0.02138686656386401,0.06220620161954744,0.9999999999999999,0.06196585126440027,0.0812285640467034,0.05184396067262294,0.0484964656931886,0.06399407092797224,0.05039506772824148,0.058222428903773236,0.05385309899641308,0.030431561998832835,0.04000183502706096,0.05751167226856558,0.042627817354566416,0.033360904645805906,0.04024800307404183,0.050887683437461174,0.07050587718381715,0.0403743336892236,0.02950360784635559,0.0564693791682532,0.07508357202257322,0.05138462625842761,0.06509653454184335,0.053177494417895724,0.0479002613465899,0.056210674099205465,0.062372696422482624,0.07635653658033664,0.0572995683484554,0.0526192664595506,0.05786667261484503,0.03491572355527796
/home/droski/Desktop/School/Fall25/Capstone/data/AGRICULTURE/18242317.pdf,0.0373227418801472,0.05558028438306881,0.04027791903173897,0.04393396345396643,0.03268588106338505,0.10694784895334498,0.040341814416176736,0.05222892754720816,0.0493769354788748,0.029608958758220803,0.02960517955825826,0.062448796644457856,0.07411509335513532,0.03600280668252863,0.0649960639636683,0.07390174281913697,0.035161897988966045,0.06565974958717476,0.06524749076094151,0.08491314714142521,0.05374568648006903,0.049868082273773685,0.025100958164601273,0.04565227538476436,0.06336683008598193,0.060252549976062615,0.06021905467298028,0.04941259450859287,0.04946547957638174,0.04740255401938034,0.06485857121857211,0.06196585126440027,0.9999999999999963,0.06207781342320303,0.04632185437516292,0.03581958205804271,0.06269170126881381,0.03737245504457314,0.046180373234290986,0.08596940920670583,0.02863884457598109,0.07913316962362364,0.15437805074424887,0.0684653512560839,0.037096352245376545,0.03589866081592084,0.07732558432715544,0.06714981520675878,0.036840743594384655,0.059469650696147666,0.05624599476106502,0.09869413477744723,0.04059896282407664,0.09890629138137337,0.06466185044759032,0.03514131346520229,0.06709293730726552,0.9800133815160182,0.08410186040545847,0.05058660001861043,0.04712875883224563,0.09209274582593294,0.03607162992708348
/home/droski/Desktop/School/Fall25/Capstone/data/AGRICULTURE/24416961.pdf,0.07186301024388153,0.06045658453178637,0.06520646815327041,0.13613207405520283,0.05638679060335753,0.08869505860540351,0.0694254201257983,0.07304541631375694,0.047428908892707115,0.06008105188837289,0.043403573750782035,0.13920834661233086,0.02116224629576541,0.09828099704029318,0.07102710111311096,0.1366043335498197,0.04073372131316559,0.10304722758550143,0.06115881911623204,0.04459511527279232,0.11151747120954689,0.07806532408248826,0.0223828053891366,0.07665677709064715,0.11886899260797688,0.08232150850032177,0.06262293101953559,0.0997605157766317,0.148623712061752,0.05742062954262298,0.07526612911960502,0.0812285640467034,0.06207781342320303,0.9999999999999992,0.11558924996372041,0.12681175092731614,0.12217435281382959,0.0929739697044915,0.05721575640511574,0.05678335311769375,0.05642817028972266,0.11749307420622242,0.06947611552030403,0.11237440352516252,0.07938954147376352,0.04601464151196132,0.06171333193832899,0.0950004010420257,0.11002601021234965,0.09106160078962065,0.054669965122733165,0.09086515398931684,0.04086627062574921,0.0783286402181379,0.0875025898070112,0.071699033108424,0.15139847945241522,0.06190769203600406,0.19716901125654496,0.11050767689328847,0.1678336232053924,0.06826949645611807,0.1013777648716923
/home/droski/Desktop/School/Fall25/Capstone/data/AGRICULTURE/29142288.pdf,0.09655580559310618,0.06672429763933647,0.08080149472686243,0.12282187910853129,0.07409059671910534,0.1045515728686961,0.11883160876387686,0.10063217022792777,0.056209077405669404,0.054412200556543985,0.07721307246627128,0.1383625354519239,0.024779717329808038,0.06422929580200362,0.06134840269981928,0.10769363561684211,0.024354009859707603,0.0935445304793209,0.06598169663327522,0.02843994239587529,0.11367175071721355,0.14068129607567112,0.056427258271934545,0.17001887834258925,0.13926123822727793,0.10834151197357875,0.04303552497496767,0.09108109615111747,0.09670643567746239,0.08627698296908179,0.13123659790312564,0.05184396067262294,0.04632185437516292,0.11558924996372041,0.9999999999999987,0.14376241184719823,0.1511354178806533,0.11595721995870288,0.09056828548315808,0.05650572571345729,0.05602360515242809,0.10359218823275253,0.06638857581243122,0.1527521533345013,0.09202186094974958,0.07565090046280733,0.09162997662333444,0.11831365280870682,0.09150028879697554,0.07868342719679956,0.07492617308760634,0.13163034467629417,0.07864197342518876,0.09537566721431288,0.2518392547242778,0.08529842249704922,0.13193447928249122,0.043466397007146856,0.07220820161468172,0.07813781943242076,0.11943262446065034,0.07336259904597077,0.06688141295960581
/home/droski/Desktop/School/Fall25/Capstone/data/AGRICULTURE/12674256.pdf,0.16691860615377307,0.07290494388020792,0.1463870103292654,0.13494706397002873,0.09173991243748439,0.1022198243981773,0.09224544301585293,0.17743092513819797,0.08092940455760586,0.08186687384380538,0.06578222674062927,0.1391032377605175,0.03273785190412654,0.1293335495804905,0.05862820932270545,0.06313203976318876,0.028717915176702448,0.07647602918919025,0.062350734647047476,0.041922996457417136,0.1478534111681984,0.09884787516626763,0.03354226249239636,0.19460780893837276,0.10339000770350391,0.08086866233636981,0.08587858032361151,0.1205629280342447,0.13583911146231353,0.07429252975325307,0.10268864731631475,0.0484964656931886,0.03581958205804271,0.12681175092731614,0.14376241184719823,1.0000000000000002,0.14243026968588904,0.18134779472743734,0.0744156075417753,0.10952135253991534,0.08232994232173434,0.17067251164197056,0.12635530410031967,0.12464463942500045,0.11961412031787813,0.06903086674791448,0.09775221185403576,0.09567769120777848,0.14091861039252251,0.0737373578951895,0.1087408715248597,0.09940386067756056,0.07488380813151731,0.08474922478149982,0.17322768135309052,0.0656180632716452,0.10592338496218555,0.03671179095583333,0.06341271147939,0.12397901118280277,0.11654542783640741,0.06979303360299634,0.04976543036786654
/home/droski/Desktop/School/Fall25/Capstone/data/AGRICULTURE/34141299.pdf,0.1274038797791744,0.052072490762519706,0.054650086556482076,0.11777491163669486,0.06820341099978476,0.05971024041694752,0.053420392466742676,0.1261543149093546,0.05160418778640155,0.06614331531461891,0.03335657358860983,0.08044797232284845,0.022292840263167028,0.06201065286122686,0.05185829162122922,0.07644827112738849,0.018965878436851318,0.05543921704403708,0.05127552562321941,0.04154493716921551,0.1460703763799931,0.1190363239640241,0.037777378163168646,0.19294697347158415,0.08959762703170712,0.07902608425014837,0.062320207538398925,0.09414237126417681,0.06404342044779894,0.06465708908913839,0.0966869885881395,0.06399407092797224,0.06269170126881381,0.12217435281382959,0.1511354178806533,0.14243026968588904,0.9999999999999999,0.1396650848836829,0.05951072048688181,0.07027791749662511,0.036428289165723646,0.1223450895308908,0.06501500362460247,0.14288920385444343,0.03942851666853279,0.04722446596332744,0.05285814966171719,0.09024716468335359,0.12910489306508247,0.06620498871676075,0.08564398577905681,0.07016837480747105,0.044292870856783254,0.06657053594243358,0.20319529653531254,0.03593340992647259,0.07584687849288664,0.06273813027503664,0.08380004466289778,0.05582674758713349,0.07543329930238185,0.05454768415481664,0.09118035353389344
/home/droski/Desktop/School/Fall25/Capstone/data/AGRICULTURE/24397882.pdf,0.24726704694278434,0.07602533376581061,0.09315284875183914,0.12082418685095628,0.05320428003771206,0.05343066748155595,0.062487889538072765,0.21834082553089915,0.060120976366723124,0.14576645937827457,0.027347020362428722,0.11813807094494985,0.021869621538514128,0.09950835596080732,0.043874248468550286,0.06125553443901416,0.019670688023681257,0.07782198382322453,0.043324579120292646,0.04145582723795412,0.11035877069858714,0.08549421820662907,0.037262037810214574,0.08715059122742595,0.10735577555323657,0.06330397164949883,0.06701930638535879,0.10729083642613141,0.12491661828045865,0.039478953368122634,0.08091418056102359,0.05039506772824148,0.03737245504457314,0.0929739697044915,0.11595721995870288,0.18134779472743734,0.1396650848836829,1.0000000000000007,0.04439859651496849,0.06841271286777614,0.059779293937942964,0.12698724608424125,0.08490356196136586,0.07605779012586851,0.09040339876759657,0.034545256401559296,0.05142069002938975,0.09345151875009532,0.1161307676782675,0.035649328680347335,0.06954593469671762,0.052979707538750954,0.04351325968397754,0.060706207746124626,0.09737216373893258,0.03502428960561758,0.11672954371933777,0.0325131697497565,0.07139865877924384,0.0915495662293362,0.1305352742419025,0.04691930239166139,0.05017898443408223
/home/droski/Desktop/School/Fall25/Capstone/data/AGRICULTURE/84512719.pdf,0.06588492275832529,0.044982316144486056,0.06005532514840367,0.11031274204118476,0.08557311365481395,0.08384681827267136,0.06908216744346678,0.0716661045257799,0.05666902419875215,0.06146513644317275,0.04945389734998326,0.06618650564389848,0.029079191476239902,0.06338274667882678,0.0753136924623978,0.061847466918228344,0.02412827706645453,0.06271140272851736,0.12452382916170077,0.03052252570096262,0.09240962863056368,0.05991107875865411,0.024769093525129814,0.09849655812424368,0.09982621716984165,0.07525492182277438,0.059338500072029295,0.05577524426051679,0.07069984355671526,0.1410646658732554,0.11341485421722847,0.058222428903773236,0.046180373234290986,0.05721575640511574,0.09056828548315808,0.0744156075417753,0.05951072048688181,0.04439859651496849,0.9999999999999999,0.06085176867981763,0.021857164074738113,0.06746848161102313,0.05992574377317215,0.09538881715783558,0.09037174051021277,0.05753141384974478,0.10836160701052402,0.06394502920069968,0.059821591807682005,0.06282417460329177,0.09240939313938043,0.06994702929545416,0.058113819123401494,0.06946230187916443,0.08572616750409864,0.05593422055674803,0.07375803082152127,0.04551709455020102,0.05571145367101698,0.05156663857996707,0.06125669753241726,0.0742369771520419,0.037210887746225094
/home/droski/Desktop/School/Fall25/Capstone/data/AGRICULTURE/29968330.pdf,0.08047315063778104,0.0663945549545909,0.08576840469161101,0.049650079651161284,0.0662268681471305,0.1907337308142012,0.07949965373142999,0.06858303858093057,0.047481853868774314,0.04726160224023699,0.04642189252021954,0.07180411922486289,0.07553210168661328,0.07755636532202828,0.11616489866270052,0.06076323841125174,0.040547458748844585,0.07580453541389445,0.060459666612660286,0.094510597207332,0.08358754078686495,0.05399709092825474,0.024909903087307308,0.12072306719592137,0.0874679896256178,0.05882743693855033,0.0835910575137731,0.07281424839239567,0.10372927203520857,0.04526999324537708,0.06217085296326121,0.05385309899641308,0.08596940920670583,0.05678335311769375,0.05650572571345729,0.10952135253991534,0.07027791749662511,0.06841271286777614,0.06085176867981763,0.9999999999999993,0.06457008916876704,0.1028459345094413,0.10624399607281941,0.07088127826081964,0.08617300341039433,0.06285538163588948,0.08717600098645738,0.08366025734371166,0.08684131451392912,0.0652099562764842,0.08752330555656378,0.12323856232546684,0.04455414375448476,0.09437594197120915,0.07790637623510338,0.05487350222989594,0.07538016064565775,0.08235719167705466,0.1281163599706378,0.08029359048864908,0.04543715190854925,0.07446828795682572,0.04178370145159796
/home/droski/Desktop/School/Fall25/Capstone/data/AGRICULTURE/40882926.pdf,0.03837482193025226,0.036490478935733116,0.09225337019002093,0.07938688232346133,0.04321927717346657,0.06866737351029749,0.05756575865903665,0.061744258208510615,0.03247705087006534,0.01868770628907837,0.03861831620683843,0.0896429791132042,0.028032428281046868,0.08478398786944334,0.058612350208888706,0.049741975677457084,0.024359641780886832,0.06800694134872325,0.025243167685093507,0.028478061516642592,0.08193626235649028,0.056129915515904925,0.026000184201744537,0.08651706580665589,0.03807150109040205,0.056769079731204104,0.04069954672979893,0.027090698882447133,0.10063044575074143,0.02766736430144999,0.061115469699572496,0.030431561998832835,0.02863884457598109,0.05642817028972266,0.05602360515242809,0.08232994232173434,0.036428289165723646,0.059779293937942964,0.021857164074738113,0.06457008916876704,1.0000000000000007,0.07044421520832009,0.045242797513191144,0.03189050249523078,0.053798876141433076,0.027490305981845445,0.0647740823678293,0.06544090546253377,0.06283797911896656,0.048804531722163216,0.046359473735532265,0.04921752789093916,0.03456226312750202,0.06264348499789668,0.04143753945066936,0.040684882905413694,0.10350776196047118,0.026581472377756946,0.06003405269949787,0.03950698764776277,0.06124420219880547,0.04145429444731581,0.02471226287864976
/home/droski/Desktop/School/Fall25/Capstone/data/AGRICULTURE/19532392.pdf,0.09990632896337,0.0616295052812058,0.11533653935924532,0.08863812975872527,0.08834058607965697,0.11244489484267653,0.1459415630391679,0.13303477692255083,0.1052867975220634,0.06610584774110738,0.03713397709970332,0.09597690809812566,0.05654766125038769,0.10604740040958874,0.04337757329686065,0.10461837622703195,0.06425351619911479,0.10894397442663609,0.0882768837571441,0.07281444085090792,0.10994023001663673,0.09369954034386128,0.06494520048289062,0.16225888465436453,0.10726716981503019,0.0851469780068577,0.0919860325914615,0.09574914039471003,0.10673944071682676,0.08581997845626357,0.09222469600236836,0.04000183502706096,0.07913316962362364,0.11749307420622242,0.10359218823275253,0.17067251164197056,0.1223450895308908,0.12698724608424125,0.06746848161102313,0.1028459345094413,0.07044421520832009,1.0,0.1320203223483866,0.13491264471162773,0.12437924356745897,0.0348931140196702,0.05950692448811084,0.10101843864257548,0.11811377119863746,0.09286457522044148,0.10059636165811467,0.11856700537751197,0.05353969812834871,0.07285846888720679,0.17690875835855915,0.041835013238902506,0.17727662058149266,0.08019434238553992,0.07718839799681486,0.12602884314669044,0.11912697788599914,0.10270619688306745,0.05608244883637051
/home/droski/Desktop/School/Fall25/Capstone/data/AGRICULTURE/11197262.pdf,0.09702332757446362,0.0836059035246395,0.07816463235751336,0.0628109751209704,0.06973490878596798,0.09910596369977398,0.06010808575548794,0.08534307390250571,0.08709305547470869,0.03994521933529778,0.026811963932404436,0.06287047684271588,0.038955284488143296,0.07778449439108048,0.04537639836442602,0.1270435980077083,0.038752869856113044,0.0640869573600031,0.10133267791434654,0.062487664130897375,0.06032189797416268,0.06568459271818479,0.03376091740291135,0.12206600226207678,0.08945197668844224,0.08169702522178021,0.08456150104485562,0.07020988519210695,0.09793746693417578,0.06319190019194432,0.08744774587865027,0.05751167226856558,0.15437805074424887,0.06947611552030403,0.06638857581243122,0.12635530410031967,0.06501500362460247,0.08490356196136586,0.05992574377317215,0.10624399607281941,0.045242797513191144,0.1320203223483866,1.0000000000000024,0.08039555468158754,0.11560995038546362,0.04014459311317139,0.057493277200630175,0.07630417756715104,0.08787805324103372,0.07738277141826225,0.12704927517241674,0.16032059325397224,0.06788339153779008,0.09045667380143796,0.08868203032549007,0.03190987522088834,0.10337763047860819,0.13255051885224592,0.07073713100357058,0.1280668154864905,0.05897935026016418,0.11511476331037088,0.03755074046358253
/home/droski/Desktop/School/Fall25/Capstone/data/AGRICULTURE/26070334.pdf,0.08437602209696618,0.08847650083123838,0.07372544113935986,0.10359201811110066,0.07058441061382209,0.09295582001733535,0.07154907815944142,0.11833449910171301,0.07888550185167872,0.07841959788760673,0.06142744231241571,0.10691648650622788,0.030366122501444163,0.051948449655891835,0.06337759381088058,0.143966378647922,0.04377784465292973,0.07672944361352259,0.13422034916208728,0.04715333616321407,0.08269568428821973,0.12178855175938608,0.07202578864983204,0.15675020849730262,0.1392861280307985,0.07918673826521626,0.058058310955224034,0.09710358670714582,0.06478540821681605,0.08043304597651432,0.14471665037974155,0.042627817354566416,0.0684653512560839,0.11237440352516252,0.1527521533345013,0.12464463942500045,0.14288920385444343,0.07605779012586851,0.09538881715783558,0.07088127826081964,0.03189050249523078,0.13491264471162773,0.08039555468158754,1.000000000000002,0.09044341650902347,0.060907052933280664,0.07824979509321062,0.10857748523661595,0.10033308917393309,0.09155153169038296,0.07732970225198751,0.13434684802200728,0.06131843269032639,0.06901054640591592,0.21257618075741186,0.06935748927272026,0.1106807926763064,0.05918818807664444,0.07969183971603643,0.2093593619035761,0.10447928486061778,0.09757273225933616,0.07148776158599743
/home/droski/Desktop/School/Fall25/Capstone/data/AGRICULTURE/10953078.pdf,0.12317987911783776,0.06742979791240482,0.07838188448016142,0.0779326118533138,0.1111514659840512,0.09333956528205352,0.07237210049599271,0.10472887745048229,0.06200623927123726,0.04493709644654045,0.041025576732529906,0.07611688279800521,0.02300516695455417,0.0792511728362798,0.055201792553954555,0.054383109541632245,0.02180558919350663,0.0658849673135156,0.08103526505806939,0.038291368120293885,0.06232625224475489,0.07829036949936946,0.055723689296127935,0.11656870164725402,0.11683850823201991,0.07902970915343276,0.06797726793253855,0.06976524538305727,0.09716057841780308,0.03858320267794424,0.094584617299381,0.033360904645805906,0.037096352245376545,0.07938954147376352,0.09202186094974958,0.11961412031787813,0.03942851666853279,0.09040339876759657,0.09037174051021277,0.08617300341039433,0.053798876141433076,0.12437924356745897,0.11560995038546362,0.09044341650902347,1.000000000000002,0.07337373167697626,0.0677263809575618,0.08433729687678156,0.09498391481079069,0.07827632372318406,0.06819761498767493,0.06022843401392898,0.03876446870438358,0.0516945032385819,0.17236743896059445,0.047435505502987634,0.11564352146417213,0.03376680711752012,0.08356412983347321,0.09584880078275256,0.07854394744048498,0.04175038433287833,0.03305485449989793
/home/droski/Desktop/School/Fall25/Capstone/data/AGRICULTURE/12341902.pdf,0.034257605839913136,0.053806674685157097,0.06571691237919262,0.05778159023113103,0.05302209281606875,0.07727748353916962,0.06602638573695578,0.07637935274967203,0.02771966127003479,0.03398672097903268,0.11553518027634238,0.0662463029035111,0.030439410772483886,0.041366194762154106,0.05962308892405365,0.0439811733122608,0.017651608863857596,0.04956063417677052,0.041105259030868826,0.019021545170660237,0.06117984085073718,0.05751754714790972,0.03315326191074981,0.06631042202698384,0.046633228160647196,0.07739365642070549,0.029475545675087672,0.035969539513030585,0.05062795717954702,0.028346276141732848,0.0609867480675561,0.04024800307404183,0.03589866081592084,0.04601464151196132,0.07565090046280733,0.06903086674791448,0.04722446596332744,0.034545256401559296,0.05753141384974478,0.06285538163588948,0.027490305981845445,0.0348931140196702,0.04014459311317139,0.060907052933280664,0.07337373167697626,1.0000000000000002,0.11838636625570807,0.11374473773915542,0.043804391807944376,0.03820352653566639,0.03612205201117815,0.055028148299932335,0.022577029390430207,0.149404192658616,0.06376423133725907,0.117291310959391,0.10447987928782376,0.03661119888881052,0.055651116217276204,0.03759621763108673,0.042353156786120366,0.03891643291702732,0.0235845577599709
/home/droski/Desktop/School/Fall25/Capstone/data/AGRICULTURE/15053703.pdf,0.04898548998969969,0.04777930788278741,0.09464544368678846,0.0775327726619341,0.10891604023906336,0.15558333341461186,0.11368449714057281,0.07188844807164738,0.03313489334121865,0.04083485896390091,0.14093104759520972,0.09775825521697085,0.06536775953625841,0.0684836291064176,0.09581682689460995,0.08324018304829198,0.031404919165338,0.10580197209486304,0.07497596705162526,0.03684300935340348,0.08844554442489522,0.08297911490716217,0.03917278191329218,0.10647302145965205,0.084370645266849,0.13380320545790192,0.04543226141354129,0.03322257517667032,0.0704918657401789,0.10123198970990648,0.11657930847297607,0.050887683437461174,0.07732558432715544,0.06171333193832899,0.09162997662333444,0.09775221185403576,0.05285814966171719,0.05142069002938975,0.10836160701052402,0.08717600098645738,0.0647740823678293,0.05950692448811084,0.057493277200630175,0.07824979509321062,0.0677263809575618,0.11838636625570807,0.9999999999999994,0.1626173709016216,0.06993367030078583,0.06813484760165751,0.06380505543152837,0.14140381298961166,0.07006015839840979,0.1608567997953276,0.08322663678865351,0.14852600487487352,0.12201934608206158,0.07184964729314447,0.08873975518495322,0.04778195587799315,0.05479141279996045,0.07052890392588572,0.049354308109933756
/home/droski/Desktop/School/Fall25/Capstone/data/AGRICULTURE/37292350.pdf,0.07276062204494849,0.07135356122345482,0.1232297225145752,0.09352121121158798,0.12092522243034211,0.17590877737441488,0.11139478483954257,0.13831554637346402,0.06174734367738672,0.07016125149558296,0.22217165736809935,0.09871353811864571,0.06080951820642505,0.07404302212637745,0.10840423904547802,0.09774243672275618,0.05403485476670048,0.09929334439190166,0.05173239666909285,0.047827604865234255,0.1702092344287927,0.12254310637315982,0.03856884783138529,0.11034983797838607,0.09613412314477453,0.11550845705740466,0.04404282530619485,0.07619424059427167,0.10014183615738746,0.042307775586323065,0.12396460634225022,0.07050587718381715,0.06714981520675878,0.0950004010420257,0.11831365280870682,0.09567769120777848,0.09024716468335359,0.09345151875009532,0.06394502920069968,0.08366025734371166,0.06544090546253377,0.10101843864257548,0.07630417756715104,0.10857748523661595,0.08433729687678156,0.11374473773915542,0.1626173709016216,0.9999999999999984,0.09019624348125421,0.055438969267682534,0.06239742461703522,0.12130848743837969,0.10230887434006737,0.19841656771713068,0.1342794173864107,0.2291208653290242,0.1176662503131805,0.06187946041539768,0.11925845810224205,0.08730852124087429,0.10942250883227124,0.06262485825971598,0.05748750258004166
/home/droski/Desktop/School/Fall25/Capstone/data/AGRICULTURE/69360287.pdf,0.117915676247792,0.07051543408901154,0.09145203470335994,0.0899190848606034,0.12486588385515095,0.06529094120452354,0.07817120888534893,0.15661311830602004,0.05983661802964387,0.0761588051199248,0.03173596190931066,0.11751808514695707,0.019821294053110224,0.10647881092881897,0.06706390439910664,0.1019882669928225,0.016507727114103657,0.07812837833379688,0.05082807571467308,0.03870198621080368,0.09974129626399122,0.09193771627833643,0.047458662226263125,0.16751636626594188,0.11443068057337423,0.06814642757462605,0.05607806233379893,0.08261057064219285,0.08879782563784802,0.0652869170551931,0.10835903889451157,0.0403743336892236,0.036840743594384655,0.11002601021234965,0.09150028879697554,0.14091861039252251,0.12910489306508247,0.1161307676782675,0.059821591807682005,0.08684131451392912,0.06283797911896656,0.11811377119863746,0.08787805324103372,0.10033308917393309,0.09498391481079069,0.043804391807944376,0.06993367030078583,0.09019624348125421,0.9999999999999993,0.06159245180221035,0.07386947724313986,0.1049452841577832,0.04151590964810942,0.05834965187069678,0.1252741556839385,0.039719004752303985,0.1449664292666885,0.033768841212921334,0.08249893359235576,0.09127802263650162,0.11324006289180368,0.06250884443033994,0.05296599426095374
/home/droski/Desktop/School/Fall25/Capstone/data/AGRICULTURE/38216888.pdf,0.05361571337586153,0.04432543970267927,0.04346913799194211,0.06821202195541984,0.06099191943672313,0.08318777302025962,0.04841299175393546,0.05305961931493682,0.04629114211946692,0.02673405657286291,0.03867300753821574,0.0569801670986614,0.038230874125104126,0.048218565992737904,0.036377530137190264,0.053685146813332196,0.030938568814641108,0.07021790416350486,0.0867618113865836,0.040741841283758504,0.04857471035100588,0.12285730570423414,0.0308139165868358,0.13680152726950626,0.07707380594207668,0.10603059320027122,0.031162205351384042,0.03499170077627465,0.05937896734588067,0.06690907720748475,0.10121726853959992,0.02950360784635559,0.059469650696147666,0.09106160078962065,0.07868342719679956,0.0737373578951895,0.06620498871676075,0.035649328680347335,0.06282417460329177,0.0652099562764842,0.048804531722163216,0.09286457522044148,0.07738277141826225,0.09155153169038296,0.07827632372318406,0.03820352653566639,0.06813484760165751,0.055438969267682534,0.06159245180221035,1.0,0.1225487408537261,0.09013695930474873,0.05937196416814192,0.07652991237301496,0.10973570706833685,0.04421385102156458,0.10415716684214969,0.05825841641026134,0.05439410476891463,0.04825279778009782,0.03653246953650449,0.06949347784845387,0.0285033965801428
/home/droski/Desktop/School/Fall25/Capstone/data/AGRICULTURE/17312146.pdf,0.06426306996995497,0.07481904223957728,0.07573117799052433,0.07309076527276673,0.07123612423968481,0.09430164216415991,0.0528573697766558,0.07268224955292557,0.042413558741378254,0.032119293266392374,0.042898954906571723,0.0694627185815376,0.024251670775391806,0.05417383030405502,0.06114601557384968,0.09112180975011083,0.01625512499174818,0.051977056606622225,0.08149808468134966,0.0384595816162631,0.07767862229191745,0.06592685086648906,0.02263606035626812,0.1382029080066944,0.0711005047944586,0.09509960567327193,0.054654985928051646,0.05614288852589585,0.09190546926591056,0.09922745479319471,0.09188206543042675,0.0564693791682532,0.05624599476106502,0.054669965122733165,0.07492617308760634,0.1087408715248597,0.08564398577905681,0.06954593469671762,0.09240939313938043,0.08752330555656378,0.046359473735532265,0.10059636165811467,0.12704927517241674,0.07732970225198751,0.06819761498767493,0.03612205201117815,0.06380505543152837,0.06239742461703522,0.07386947724313986,0.1225487408537261,0.9999999999999999,0.09596614692492662,0.07413986079979427,0.06581040577091471,0.10746904682534142,0.04502352675978886,0.09166011748853044,0.05638950518808427,0.05728850933411208,0.07429069930315661,0.0365801362275888,0.06008415143051185,0.030636443307533533
/home/droski/Desktop/School/Fall25/Capstone/data/AGRICULTURE/26921245.pdf,0.061854240579491265,0.11127963451325246,0.08540629765074263,0.06778716971379141,0.06625247895179463,0.1512090792273971,0.08524449049521363,0.07291836343426711,0.08057294208297566,0.057139435478266574,0.06445865691319871,0.12580836816180208,0.073964546992877,0.06878859571757097,0.05766886264513555,0.15632508253474575,0.04538767477044117,0.11650760118361309,0.11964953404755693,0.1603087183456654,0.0749020190741801,0.0830979972526741,0.05348462050339864,0.14770438470482677,0.11707842039635571,0.10395849554435196,0.07754136473835554,0.07615511868497743,0.07869421359271765,0.12436923174837108,0.11923887632025368,0.07508357202257322,0.09869413477744723,0.09086515398931684,0.13163034467629417,0.09940386067756056,0.07016837480747105,0.052979707538750954,0.06994702929545416,0.12323856232546684,0.04921752789093916,0.11856700537751197,0.16032059325397224,0.13434684802200728,0.06022843401392898,0.055028148299932335,0.14140381298961166,0.12130848743837969,0.1049452841577832,0.09013695930474873,0.09596614692492662,0.9999999999999987,0.14041037949468022,0.12451363052071611,0.13505328325391044,0.07142463644826687,0.11745587300951911,0.09123093552340404,0.09778692042271737,0.08021136426844701,0.09558898262926743,0.18544392739400975,0.07940872850823447
/home/droski/Desktop/School/Fall25/Capstone/data/AGRICULTURE/55500538.pdf,0.02473957647405642,0.04204811249070135,0.0798300017594021,0.03848442985315886,0.031232272167635612,0.07510603883436698,0.08239229607673602,0.07736473860167409,0.03192083440202021,0.018452544942369375,0.045140523948122666,0.051313368635322834,0.027343427380217642,0.035823648187087484,0.0543478483041631,0.07092714649224117,0.02117037207820725,0.044542323937164265,0.056499849598000154,0.047603396472989855,0.03669838083505721,0.06564651115369094,0.023903884856175096,0.07701943292755295,0.07571850472401515,0.0726258220744986,0.029205496722795574,0.04494812967195153,0.07839504683896667,0.07385391944377094,0.07818504290213821,0.05138462625842761,0.04059896282407664,0.04086627062574921,0.07864197342518876,0.07488380813151731,0.044292870856783254,0.04351325968397754,0.058113819123401494,0.04455414375448476,0.03456226312750202,0.05353969812834871,0.06788339153779008,0.06131843269032639,0.03876446870438358,0.022577029390430207,0.07006015839840979,0.10230887434006737,0.04151590964810942,0.05937196416814192,0.07413986079979427,0.14041037949468022,0.9999999999999997,0.058734572533589456,0.06898038157245479,0.04452116675521453,0.05791589894028173,0.037609606966534766,0.06039327486471832,0.0358998757376275,0.03791194644135665,0.05095426181030357,0.0378297357795903
/home/droski/Desktop/School/Fall25/Capstone/data/AGRICULTURE/26835781.pdf,0.04647685649106119,0.06582589195907658,0.11122058506712056,0.0739851979701862,0.07514846417332331,0.20338369484580218,0.09289892660188909,0.07317232714392446,0.04710248202304265,0.05757286058564827,0.18707041440683936,0.1021461010692139,0.08567655374544114,0.11169598035211517,0.1341767714460989,0.07929772722168042,0.03511657202849742,0.10554395878938912,0.06022305955234614,0.06723381680525566,0.13318255047551034,0.06989878370324754,0.02844987060834035,0.08632717145742394,0.06826965774038737,0.11648781032899036,0.0519356961896621,0.06927540932545011,0.09828781995778173,0.043570502851335284,0.10946320984967348,0.06509653454184335,0.09890629138137337,0.0783286402181379,0.09537566721431288,0.08474922478149982,0.06657053594243358,0.060706207746124626,0.06946230187916443,0.09437594197120915,0.06264348499789668,0.07285846888720679,0.09045667380143796,0.06901054640591592,0.0516945032385819,0.149404192658616,0.1608567997953276,0.19841656771713068,0.05834965187069678,0.07652991237301496,0.06581040577091471,0.12451363052071611,0.058734572533589456,1.000000000000001,0.07038811357454003,0.176024344566573,0.11233326779953742,0.09439497275014772,0.10067640105502951,0.07598307681676211,0.06501017345245622,0.08682194484454102,0.04448506186236848
/home/droski/Desktop/School/Fall25/Capstone/data/AGRICULTURE/36102323.pdf,0.08640011105128058,0.07488702415023678,0.09981307571518867,0.1439546822543448,0.06688259632788685,0.13477887326499152,0.12757861516828803,0.13960898603987604,0.11139639107791224,0.06265302103738354,0.06828057841431619,0.11525619363072567,0.04006510632158889,0.05946031077218682,0.06913384494927359,0.11187581243227328,0.06530718923682588,0.09676490124232053,0.09356406227468331,0.061407072416819704,0.11144208115619744,0.16504407576888278,0.05597788001840123,0.26992720541748744,0.1655823658365805,0.11594255715978144,0.07575599108832717,0.10589264870379063,0.07814540623893225,0.09593323641206318,0.15596218994643474,0.053177494417895724,0.06466185044759032,0.0875025898070112,0.2518392547242778,0.17322768135309052,0.20319529653531254,0.09737216373893258,0.08572616750409864,0.07790637623510338,0.04143753945066936,0.17690875835855915,0.08868203032549007,0.21257618075741186,0.17236743896059445,0.06376423133725907,0.08322663678865351,0.1342794173864107,0.1252741556839385,0.10973570706833685,0.10746904682534142,0.13505328325391044,0.06898038157245479,0.07038811357454003,0.9999999999999987,0.07514631597789238,0.1495702571939427,0.06137912109806144,0.08726124953647789,0.12131608575872023,0.10746339056812197,0.09791327469113754,0.07509773764170605
/home/droski/Desktop/School/Fall25/Capstone/data/AGRICULTURE/29897742.pdf,0.04041046279295157,0.039465973066127834,0.06639064777499616,0.0649248538917801,0.15455844427492557,0.1644922410573101,0.07772731666712024,0.05425424659234538,0.03270251839661111,0.04029345922819911,0.8813662139514409,0.07010986355609373,0.051836163877739344,0.042013154811154245,0.09121529005794701,0.05822155499777108,0.01764690007547014,0.06094688127876928,0.045761170399373656,0.029996397432255854,0.08389717132785238,0.06066344034417718,0.03619351098284983,0.0624475858165474,0.04827365097473162,0.12367531658060615,0.02941788163958816,0.04233372411604815,0.07128321763027466,0.026434266312593876,0.0971762247584995,0.0479002613465899,0.03514131346520229,0.071699033108424,0.08529842249704922,0.0656180632716452,0.03593340992647259,0.03502428960561758,0.05593422055674803,0.05487350222989594,0.040684882905413694,0.041835013238902506,0.03190987522088834,0.06935748927272026,0.047435505502987634,0.117291310959391,0.14852600487487352,0.2291208653290242,0.039719004752303985,0.04421385102156458,0.04502352675978886,0.07142463644826687,0.04452116675521453,0.176024344566573,0.07514631597789238,0.9999999999999991,0.0860865654830374,0.03545843867604626,0.0853342554574907,0.04541848344714464,0.059363157595491205,0.03948965809929005,0.044095210590327866
/home/droski/Desktop/School/Fall25/Capstone/data/AGRICULTURE/28247753.pdf,0.07392166057299003,0.09615594767917011,0.1059908109644981,0.14815599040324376,0.08541517101412793,0.10928235977251526,0.14209415210024046,0.1312681008313923,0.09285741672855823,0.07219283590789802,0.07627374511349064,0.1541299256571458,0.0602129207245745,0.10425553475731733,0.08756992661796861,0.10884703785605959,0.04128019957508805,0.1365569458278028,0.09242873947376239,0.04365808275491349,0.1075909420324936,0.12510333144173527,0.12103857450226507,0.12880629388142584,0.10887049839838356,0.10317067866232373,0.08067628844667557,0.05525294690511634,0.11047769890305603,0.07520569251767872,0.11579252095441456,0.056210674099205465,0.06709293730726552,0.15139847945241522,0.13193447928249122,0.10592338496218555,0.07584687849288664,0.11672954371933777,0.07375803082152127,0.07538016064565775,0.10350776196047118,0.17727662058149266,0.10337763047860819,0.1106807926763064,0.11564352146417213,0.10447987928782376,0.12201934608206158,0.1176662503131805,0.1449664292666885,0.10415716684214969,0.09166011748853044,0.11745587300951911,0.05791589894028173,0.11233326779953742,0.1495702571939427,0.0860865654830374,1.0000000000000082,0.06480653770042169,0.11931312533886937,0.0974811984874641,0.08970252956859395,0.09187257318393235,0.046607723861370916
/home/droski/Desktop/School/Fall25/Capstone/data/AGRICULTURE/15603319.pdf,0.0369756283861163,0.05530713565618189,0.042068375053890016,0.04141913223250068,0.035837517781172605,0.10484474297637751,0.038862651031120805,0.05003549124659053,0.046893585218985685,0.025701705736222498,0.02889042797008577,0.05827999575548745,0.07293071988508705,0.0342824913208253,0.06982060419070091,0.07122708035517103,0.03419578780816376,0.06237551602868213,0.05962256233411872,0.08193546967319078,0.05491278202285323,0.04439740609168116,0.024452380915622466,0.039416978409786425,0.05481807923637955,0.05729542671294253,0.052809976729687104,0.04863050410141986,0.046711253375174025,0.04050667237662184,0.06424927380234263,0.062372696422482624,0.9800133815160182,0.06190769203600406,0.043466397007146856,0.03671179095583333,0.06273813027503664,0.0325131697497565,0.04551709455020102,0.08235719167705466,0.026581472377756946,0.08019434238553992,0.13255051885224592,0.05918818807664444,0.03376680711752012,0.03661119888881052,0.07184964729314447,0.06187946041539768,0.033768841212921334,0.05825841641026134,0.05638950518808427,0.09123093552340404,0.037609606966534766,0.09439497275014772,0.06137912109806144,0.03545843867604626,0.06480653770042169,1.000000000000001,0.081820811492688,0.04810677400702379,0.044289652371892016,0.0875295731626564,0.03279874976479461
/home/droski/Desktop/School/Fall25/Capstone/data/AGRICULTURE/21868149.pdf,0.05601453773405261,0.07111856574426115,0.08754610731959755,0.08809470618061684,0.06609847142249005,0.12050918316224626,0.0756361595058541,0.08485975907557054,0.05135212948315943,0.05295518817485983,0.062478083293922244,0.10114809288397716,0.03792878948031712,0.06723803025935382,0.1212952439070784,0.14135919564060456,0.02954039208498738,0.12258807974573707,0.059707114969514086,0.06289272934310175,0.10241213339103591,0.06134860677458345,0.029999182322499852,0.0840008899764301,0.08835406676425575,0.11410124954839038,0.06166001167374553,0.0804870253936993,0.16380024868900867,0.0628744207017047,0.07622265984143585,0.07635653658033664,0.08410186040545847,0.19716901125654496,0.07220820161468172,0.06341271147939,0.08380004466289778,0.07139865877924384,0.05571145367101698,0.1281163599706378,0.06003405269949787,0.07718839799681486,0.07073713100357058,0.07969183971603643,0.08356412983347321,0.055651116217276204,0.08873975518495322,0.11925845810224205,0.08249893359235576,0.05439410476891463,0.05728850933411208,0.09778692042271737,0.06039327486471832,0.10067640105502951,0.08726124953647789,0.0853342554574907,0.11931312533886937,0.081820811492688,1.0000000000000002,0.08328680681369477,0.10358027446255501,0.07775069880183318,0.08100374838342583
/home/droski/Desktop/School/Fall25/Capstone/data/AGRICULTURE/16653657.pdf,0.07915970759756459,0.04947617404950233,0.08870664600054753,0.05740473071233953,0.08495656486552716,0.0681798927864461,0.0507515325281891,0.095890156138306,0.09371023364223578,0.058456388958443024,0.04011728792877217,0.060890886366294944,0.022012239299829255,0.07102431279662572,0.04441424378030039,0.1044454592815976,0.058174064910692345,0.05531596689869807,0.056186140975198015,0.056255994041850416,0.07214482555685653,0.05470601506383006,0.02490129392646109,0.12294671034046842,0.07970495784396249,0.07364628509945698,0.09769714758160396,0.11773385436179311,0.08856161419839097,0.049939505136014244,0.0977659431833891,0.0572995683484554,0.05058660001861043,0.11050767689328847,0.07813781943242076,0.12397901118280277,0.05582674758713349,0.0915495662293362,0.05156663857996707,0.08029359048864908,0.03950698764776277,0.12602884314669044,0.1280668154864905,0.2093593619035761,0.09584880078275256,0.03759621763108673,0.04778195587799315,0.08730852124087429,0.09127802263650162,0.04825279778009782,0.07429069930315661,0.08021136426844701,0.0358998757376275,0.07598307681676211,0.12131608575872023,0.04541848344714464,0.0974811984874641,0.04810677400702379,0.08328680681369477,0.9999999999999987,0.0956168405724124,0.10378999534995263,0.051194228899143976
/home/droski/Desktop/School/Fall25/Capstone/data/AGRICULTURE/56068028.pdf,0.07822217916964017,0.07213622533405845,0.07988440287884734,0.10650418885681029,0.06310250561270511,0.0660359360609932,0.05769707127987187,0.08277296072468433,0.04800398768476697,0.08265952513703685,0.047094477942894675,0.09982062387939838,0.021377909287652482,0.06311214374559729,0.06218553792072265,0.08074032116611717,0.03982286878336683,0.08732900756524622,0.07639474327569175,0.045315936703138465,0.08637594612465306,0.05869556969799575,0.027237395248197262,0.10538723625588756,0.10632361184337287,0.11731415717808634,0.05762701341929472,0.10065996147923273,0.10191225209255395,0.06068962147821448,0.14877463913569997,0.0526192664595506,0.04712875883224563,0.1678336232053924,0.11943262446065034,0.11654542783640741,0.07543329930238185,0.1305352742419025,0.06125669753241726,0.04543715190854925,0.06124420219880547,0.11912697788599914,0.05897935026016418,0.10447928486061778,0.07854394744048498,0.042353156786120366,0.05479141279996045,0.10942250883227124,0.11324006289180368,0.03653246953650449,0.0365801362275888,0.09558898262926743,0.03791194644135665,0.06501017345245622,0.10746339056812197,0.059363157595491205,0.08970252956859395,0.044289652371892016,0.10358027446255501,0.0956168405724124,1.0000000000000002,0.06327169935165389,0.07785895172694225
/home/droski/Desktop/School/Fall25/Capstone/data/AGRICULTURE/24001783.pdf,0.04128611721610484,0.07391897649800369,0.06438996687287059,0.05964634835069068,0.043263737854790034,0.09920316538662478,0.07047289208968181,0.05901333778803523,0.0654073511629505,0.039458258401974214,0.03753946475812807,0.07009999048183052,0.06677227064416111,0.042986974486246395,0.03857694858552816,0.17535331313842548,0.03554359131587835,0.06278444574884662,0.10974321143716056,0.12861917710532558,0.06554256686786669,0.06186820390434461,0.02917738709012272,0.07117459883256498,0.08412367984345356,0.0902715170422814,0.0639872565312701,0.05463640989461806,0.043777187341520696,0.10857594545902675,0.08967409060706949,0.05786667261484503,0.09209274582593294,0.06826949645611807,0.07336259904597077,0.06979303360299634,0.05454768415481664,0.04691930239166139,0.0742369771520419,0.07446828795682572,0.04145429444731581,0.10270619688306745,0.11511476331037088,0.09757273225933616,0.04175038433287833,0.03891643291702732,0.07052890392588572,0.06262485825971598,0.06250884443033994,0.06949347784845387,0.06008415143051185,0.18544392739400975,0.05095426181030357,0.08682194484454102,0.09791327469113754,0.03948965809929005,0.09187257318393235,0.0875295731626564,0.07775069880183318,0.10378999534995263,0.06327169935165389,0.9999999999999994,0.035663529353194105
/home/droski/Desktop/School/Fall25/Capstone/data/AGRICULTURE/62994611.pdf,0.032868247150894876,0.03514615158675433,0.04581367480910746,0.056781684344159755,0.024732468019711618,0.04851500009429656,0.02705866731661041,0.03553240924166213,0.03335677656152696,0.02977104345086287,0.03078876981749925,0.054396951462561065,0.02574564246612418,0.030599887326118447,0.05378448132364436,0.06071529685200736,0.02677332504497954,0.03928797986881118,0.057786995733266566,0.030473176231706697,0.08371033104118213,0.053923341958449326,0.03498601900415853,0.047081701654726554,0.11159121214414147,0.057159882028007446,0.038204683703797086,0.1052214512947805,0.05737936278523683,0.032758665707889524,0.04446066000481604,0.03491572355527796,0.03607162992708348,0.1013777648716923,0.06688141295960581,0.04976543036786654,0.09118035353389344,0.05017898443408223,0.037210887746225094,0.04178370145159796,0.02471226287864976,0.05608244883637051,0.03755074046358253,0.07148776158599743,0.03305485449989793,0.0235845577599709,0.049354308109933756,0.05748750258004166,0.05296599426095374,0.0285033965801428,0.030636443307533533,0.07940872850823447,0.0378297357795903,0.04448506186236848,0.07509773764170605,0.044095210590327866,0.046607723861370916,0.03279874976479461,0.08100374838342583,0.051194228899143976,0.07785895172694225,0.035663529353194105,0.999999999999997
